league,player_id,availability
RULE,3117251,ONTEAM
RULE,3116406,ONTEAM
RULE,3916148,ONTEAM
RULE,3068267,ONTEAM
RULE,4239996,ONTEAM
RULE,4362628,ONTEAM
RULE,2976212,ONTEAM
RULE,4047646,ONTEAM
RULE,15847,ONTEAM
RULE,15818,ONTEAM
RULE,3054850,ONTEAM
RULE,4567048,ONTEAM
RULE,2977187,ONTEAM
RULE,4047365,ONTEAM
RULE,4374302,ONTEAM
RULE,16460,ONTEAM
RULE,16800,ONTEAM
RULE,16737,ONTEAM
RULE,4242335,ONTEAM
RULE,4430807,ONTEAM
RULE,4426515,ONTEAM
RULE,4241389,ONTEAM
RULE,4569618,ONTEAM
RULE,3916433,ONTEAM
RULE,4372016,ONTEAM
RULE,3139477,ONTEAM
RULE,3916387,ONTEAM
RULE,4040715,ONTEAM
RULE,3929630,ONTEAM
RULE,4427366,ONTEAM
RULE,4361529,ONTEAM
RULE,3043078,ONTEAM
RULE,4259545,ONTEAM
RULE,3116385,ONTEAM
RULE,3915416,ONTEAM
RULE,15795,ONTEAM
RULE,4360438,ONTEAM
RULE,4036133,ONTEAM
RULE,3918298,ONTEAM
RULE,4038941,ONTEAM
RULE,4047650,ONTEAM
RULE,4241372,ONTEAM
RULE,4262921,ONTEAM
RULE,4429615,ONTEAM
RULE,4361370,ONTEAM
RULE,3042519,ONTEAM
RULE,4569173,ONTEAM
RULE,4035538,ONTEAM
RULE,3116365,ONTEAM
RULE,2576414,ONTEAM
RULE,4697815,ONTEAM
RULE,4379399,ONTEAM
RULE,4429795,ONTEAM
RULE,4429160,ONTEAM
RULE,4241479,ONTEAM
RULE,4432577,ONTEAM
RULE,3121422,ONTEAM
RULE,3116165,ONTEAM
RULE,3126486,ONTEAM
RULE,4258173,ONTEAM
RULE,4430737,ONTEAM
RULE,4372019,ONTEAM
RULE,4048244,ONTEAM
RULE,4430027,ONTEAM
RULE,4429205,ONTEAM
RULE,4035687,ONTEAM
RULE,4239993,ONTEAM
RULE,3895856,ONTEAM
RULE,2976499,ONTEAM
RULE,2576925,ONTEAM
RULE,3121023,ONTEAM
RULE,3117256,ONTEAM
RULE,14880,ONTEAM
RULE,4360310,ONTEAM
RULE,4035676,ONTEAM
RULE,4361579,ONTEAM
RULE,3045147,ONTEAM
RULE,4035886,ONTEAM
RULE,4242433,ONTEAM
RULE,4241478,ONTEAM
RULE,4426354,ONTEAM
RULE,2577327,ONTEAM
RULE,3128429,ONTEAM
RULE,3925357,ONTEAM
RULE,4248528,ONTEAM
RULE,3932905,ONTEAM
RULE,4241457,ONTEAM
RULE,4045163,ONTEAM
RULE,3051926,ONTEAM
RULE,4360238,ONTEAM
RULE,4569987,ONTEAM
RULE,3051876,ONTEAM
RULE,3040151,ONTEAM
RULE,3123076,ONTEAM
RULE,4385690,ONTEAM
RULE,4366031,WAIVERS
RULE,4426502,ONTEAM
RULE,4241463,ONTEAM
RULE,2976316,ONTEAM
RULE,15880,WAIVERS
RULE,3121427,WAIVERS
RULE,2577417,ONTEAM
RULE,3915511,ONTEAM
RULE,4361741,ONTEAM
RULE,14881,ONTEAM
RULE,4688813,WAIVERS
RULE,4428331,ONTEAM
RULE,4243537,ONTEAM
RULE,4372414,ONTEAM
RULE,4241474,ONTEAM
RULE,15920,WAIVERS
RULE,4040761,WAIVERS
RULE,4373626,ONTEAM
RULE,4428557,WAIVERS
RULE,4242355,ONTEAM
RULE,4360635,ONTEAM
RULE,3045523,WAIVERS
RULE,3045144,WAIVERS
RULE,4036348,ONTEAM
RULE,16731,WAIVERS
RULE,16733,WAIVERS
RULE,4567156,ONTEAM
RULE,4362887,ONTEAM
RULE,3917315,WAIVERS
RULE,3052587,WAIVERS
RULE,3046779,ONTEAM
RULE,4038441,WAIVERS
RULE,3059915,ONTEAM
RULE,3051392,WAIVERS
RULE,4240021,WAIVERS
RULE,4239934,WAIVERS
RULE,4426386,WAIVERS
RULE,16813,WAIVERS
RULE,4428085,WAIVERS
RULE,3916566,ONTEAM
RULE,4361409,ONTEAM
RULE,3115394,ONTEAM
RULE,4372485,ONTEAM
RULE,4361307,WAIVERS
RULE,4360248,ONTEAM
RULE,-16018,ONTEAM
RULE,-16033,ONTEAM
RULE,-16030,WAIVERS
RULE,-16001,WAIVERS
RULE,-16006,ONTEAM
RULE,-16005,ONTEAM
RULE,-16021,ONTEAM
RULE,-16025,ONTEAM
RULE,-16012,WAIVERS
RULE,-16026,WAIVERS
RULE,4362081,WAIVERS
RULE,2971573,WAIVERS
RULE,3953687,WAIVERS
RULE,4360234,ONTEAM
RULE,3055899,ONTEAM
RULE,15683,ONTEAM
RULE,10621,WAIVERS
RULE,3050478,ONTEAM
RULE,3917232,ONTEAM
RULE,2473037,WAIVERS
RULE,4039359,WAIVERS
RULE,4241416,ONTEAM
RULE,3125116,ONTEAM
RULE,4722893,WAIVERS
RULE,4371733,WAIVERS
RULE,16782,WAIVERS
RULE,4360294,ONTEAM
RULE,3917612,WAIVERS
RULE,4426385,ONTEAM
RULE,4038815,WAIVERS
RULE,4362478,WAIVERS
RULE,4361432,ONTEAM
RULE,4032473,WAIVERS
RULE,4430878,ONTEAM
RULE,4426485,WAIVERS
RULE,4569587,WAIVERS
RULE,4362249,WAIVERS
RULE,3059722,WAIVERS
RULE,4240600,WAIVERS
RULE,4692590,WAIVERS
RULE,3128390,WAIVERS
RULE,4036378,ONTEAM
RULE,15864,ONTEAM
RULE,4426875,WAIVERS
RULE,4258595,ONTEAM
RULE,3918639,WAIVERS
RULE,3915486,WAIVERS
RULE,3054212,WAIVERS
RULE,-16011,WAIVERS
RULE,-16016,WAIVERS
RULE,4372066,ONTEAM
RULE,4249087,ONTEAM
RULE,4360761,WAIVERS
RULE,3916945,WAIVERS
RULE,3120348,WAIVERS
RULE,3115306,WAIVERS
RULE,4426388,WAIVERS
RULE,4360797,WAIVERS
RULE,3116389,ONTEAM
RULE,3910544,WAIVERS
RULE,2980453,ONTEAM
RULE,3122672,WAIVERS
RULE,4243315,WAIVERS
RULE,4241555,WAIVERS
RULE,4040655,ONTEAM
RULE,4240657,WAIVERS
RULE,4361777,WAIVERS
RULE,4242214,WAIVERS
RULE,3116593,WAIVERS
RULE,3122976,WAIVERS
RULE,3049916,WAIVERS
RULE,4429013,WAIVERS
RULE,4035222,WAIVERS
RULE,4361411,ONTEAM
RULE,12483,ONTEAM
RULE,4430191,WAIVERS
RULE,4427095,WAIVERS
RULE,2576623,WAIVERS
RULE,3122840,ONTEAM
RULE,4240703,WAIVERS
RULE,-16034,WAIVERS
RULE,-16008,WAIVERS
RULE,4242519,WAIVERS
RULE,3124679,WAIVERS
RULE,3051738,WAIVERS
RULE,4429025,WAIVERS
RULE,4360078,ONTEAM
RULE,4360939,WAIVERS
RULE,3123075,ONTEAM
RULE,4374187,WAIVERS
RULE,4686472,WAIVERS
RULE,4565908,WAIVERS
RULE,4426407,WAIVERS
RULE,4035004,WAIVERS
RULE,16002,WAIVERS
RULE,4360569,WAIVERS
RULE,4362619,WAIVERS
RULE,4036431,WAIVERS
RULE,2576336,WAIVERS
RULE,17359,WAIVERS
RULE,15807,WAIVERS
RULE,4249836,WAIVERS
RULE,3917792,WAIVERS
RULE,4038524,WAIVERS
RULE,16757,WAIVERS
RULE,15835,WAIVERS
RULE,4243331,WAIVERS
RULE,2573401,ONTEAM
RULE,4429086,WAIVERS
RULE,3046439,WAIVERS
RULE,4240631,WAIVERS
RULE,3929785,WAIVERS
RULE,3115255,WAIVERS
RULE,-16023,WAIVERS
RULE,-16027,WAIVERS
RULE,4243371,WAIVERS
RULE,16339,ONTEAM
RULE,3930086,WAIVERS
RULE,3929645,WAIVERS
RULE,4039160,WAIVERS
RULE,4036335,WAIVERS
RULE,3121409,WAIVERS
RULE,16799,WAIVERS
RULE,4362477,WAIVERS
RULE,4362238,WAIVERS
RULE,4887558,WAIVERS
RULE,4239086,WAIVERS
RULE,14876,WAIVERS
RULE,16760,WAIVERS
RULE,4685720,WAIVERS
RULE,4361259,WAIVERS
RULE,4258195,WAIVERS
RULE,4411193,WAIVERS
RULE,4243160,WAIVERS
RULE,3886598,WAIVERS
RULE,2973405,WAIVERS
RULE,3051439,WAIVERS
RULE,4421446,WAIVERS
RULE,3139602,WAIVERS
RULE,4599739,WAIVERS
RULE,2975417,WAIVERS
RULE,3122154,WAIVERS
RULE,3917668,WAIVERS
RULE,4012556,WAIVERS
RULE,4035198,WAIVERS
RULE,-16020,ONTEAM
RULE,-16017,WAIVERS
RULE,3150744,WAIVERS
RULE,17372,WAIVERS
RULE,4040980,WAIVERS
RULE,2468609,WAIVERS
RULE,3116164,WAIVERS
RULE,3911853,WAIVERS
RULE,3912092,WAIVERS
RULE,4373678,WAIVERS
RULE,15839,WAIVERS
RULE,4241464,WAIVERS
RULE,-16015,ONTEAM
RULE,-16002,ONTEAM
RULE,-16009,ONTEAM
RULE,-16014,WAIVERS
RULE,4434153,WAIVERS
RULE,4242431,WAIVERS
RULE,2577134,WAIVERS
RULE,3125107,WAIVERS
RULE,4596334,WAIVERS
RULE,4037457,WAIVERS
RULE,2515270,WAIVERS
RULE,4035537,WAIVERS
RULE,3924365,WAIVERS
RULE,4242557,WAIVERS
RULE,4036131,WAIVERS
RULE,3052897,WAIVERS
RULE,4240472,WAIVERS
RULE,4241961,WAIVERS
RULE,3046704,WAIVERS
RULE,3921690,WAIVERS
RULE,4372780,WAIVERS
RULE,4383440,WAIVERS
RULE,3043275,WAIVERS
RULE,4426844,WAIVERS
RULE,15478,WAIVERS
RULE,4722908,WAIVERS
RULE,2574576,WAIVERS
RULE,2975674,WAIVERS
RULE,4040774,WAIVERS
RULE,3975763,WAIVERS
RULE,15965,WAIVERS
RULE,14993,WAIVERS
RULE,4034949,WAIVERS
RULE,4245661,WAIVERS
RULE,3049899,ONTEAM
RULE,2985659,WAIVERS
RULE,11122,WAIVERS
RULE,17427,WAIVERS
RULE,4259619,WAIVERS
RULE,3051909,ONTEAM
RULE,4363538,WAIVERS
RULE,3124084,WAIVERS
RULE,12460,ONTEAM
RULE,-16019,WAIVERS
RULE,-16003,WAIVERS
RULE,-16028,ONTEAM
RULE,-16004,WAIVERS
RULE,-16010,WAIVERS
RULE,-16013,WAIVERS
RULE,-16024,WAIVERS
RULE,-16029,ONTEAM
RULE,-16022,WAIVERS
RULE,-16007,WAIVERS
RULE,2971618,WAIVERS
RULE,3122168,WAIVERS
RULE,4360405,WAIVERS
RULE,4428718,WAIVERS
RULE,4428850,WAIVERS
RULE,4361577,WAIVERS
RULE,4427278,WAIVERS
RULE,2978109,WAIVERS
RULE,13982,WAIVERS
RULE,4243389,WAIVERS
RULE,3728262,WAIVERS
RULE,3676833,WAIVERS
RULE,4361438,WAIVERS
RULE,3914151,WAIVERS
RULE,4430539,WAIVERS
RULE,4048228,WAIVERS
RULE,4036416,WAIVERS
RULE,4430802,WAIVERS
RULE,2971281,WAIVERS
RULE,4361372,WAIVERS
RULE,4367175,WAIVERS
RULE,2508256,WAIVERS
RULE,3917914,WAIVERS
RULE,3047876,WAIVERS
RULE,2514206,WAIVERS
RULE,3931391,WAIVERS
RULE,4035693,WAIVERS
RULE,3914397,WAIVERS
RULE,3127310,WAIVERS
RULE,4372505,WAIVERS
RULE,4242392,WAIVERS
RULE,4362504,WAIVERS
RULE,4429006,WAIVERS
RULE,4373266,WAIVERS
RULE,3128452,WAIVERS
RULE,4360086,WAIVERS
RULE,2998565,WAIVERS
RULE,3120303,WAIVERS
RULE,3918003,WAIVERS
RULE,2531358,WAIVERS
RULE,4027873,WAIVERS
RULE,4362921,WAIVERS
RULE,4570409,WAIVERS
RULE,3128724,WAIVERS
RULE,2580216,WAIVERS
RULE,4039050,WAIVERS
RULE,4250764,WAIVERS
RULE,4360306,WAIVERS
RULE,4037235,WAIVERS
RULE,3923392,WAIVERS
RULE,4036275,WAIVERS
RULE,4244049,WAIVERS
RULE,4365395,WAIVERS
RULE,4368003,WAIVERS
RULE,4035426,WAIVERS
RULE,4047839,WAIVERS
RULE,4249417,WAIVERS
RULE,4373030,WAIVERS
RULE,4572680,WAIVERS
RULE,2576581,WAIVERS
RULE,4039253,WAIVERS
RULE,4040612,WAIVERS
RULE,4034862,WAIVERS
RULE,4362523,WAIVERS
RULE,4245131,WAIVERS
RULE,3040569,WAIVERS
RULE,9614,WAIVERS
RULE,2976592,WAIVERS
RULE,3046401,WAIVERS
RULE,4686422,WAIVERS
RULE,4259979,WAIVERS
RULE,3139033,WAIVERS
RULE,4383396,WAIVERS
RULE,4244856,WAIVERS
RULE,3125232,WAIVERS
RULE,3926231,WAIVERS
RULE,4240573,WAIVERS
RULE,2576716,WAIVERS
RULE,4372063,WAIVERS
RULE,17315,WAIVERS
RULE,13987,WAIVERS
RULE,3043116,WAIVERS
RULE,3115378,WAIVERS
RULE,3116407,WAIVERS
RULE,4045305,WAIVERS
RULE,3059989,WAIVERS
RULE,3722362,WAIVERS
RULE,3045169,WAIVERS
RULE,3916430,WAIVERS
RULE,3932423,WAIVERS
RULE,3924327,WAIVERS
RULE,3134353,WAIVERS
RULE,2574808,WAIVERS
RULE,16728,WAIVERS
RULE,3115349,WAIVERS
RULE,2582410,WAIVERS
RULE,4061956,WAIVERS
RULE,3118892,ONTEAM
RULE,4035020,WAIVERS
RULE,4039505,WAIVERS
RULE,4037591,WAIVERS
RULE,3042749,WAIVERS
RULE,2972236,WAIVERS
RULE,2979520,WAIVERS
RULE,3120590,WAIVERS
RULE,3914240,WAIVERS
RULE,4035115,WAIVERS
RULE,3116158,WAIVERS
RULE,3122899,WAIVERS
RULE,3932442,WAIVERS
RULE,3122818,WAIVERS
RULE,3115252,WAIVERS
RULE,3052096,WAIVERS
RULE,3002265,WAIVERS
RULE,2979501,WAIVERS
RULE,14471,WAIVERS
RULE,11387,WAIVERS
RULE,4411192,WAIVERS
RULE,3123857,WAIVERS
RULE,4242873,WAIVERS
RULE,3932430,WAIVERS
RULE,3940587,WAIVERS
RULE,3915411,WAIVERS
RULE,3128317,WAIVERS
RULE,3139605,WAIVERS
RULE,3892775,WAIVERS
RULE,3052056,WAIVERS
RULE,3039707,WAIVERS
RULE,3115293,WAIVERS
RULE,2577641,WAIVERS
RULE,2969939,WAIVERS
RULE,2972515,WAIVERS
RULE,2574511,WAIVERS
RULE,15168,WAIVERS
RULE,11394,WAIVERS
RULE,3049290,WAIVERS
RULE,3910176,WAIVERS
RULE,3138744,WAIVERS
RULE,4360739,WAIVERS
RULE,4241424,WAIVERS
RULE,4240023,WAIVERS
RULE,4746079,WAIVERS
RULE,4241820,WAIVERS
RULE,4048259,WAIVERS
RULE,4034948,WAIVERS
RULE,4035656,WAIVERS
RULE,15948,WAIVERS
RULE,4373642,WAIVERS
RULE,4047648,WAIVERS
RULE,4043016,WAIVERS
RULE,4241401,WAIVERS
RULE,4408854,WAIVERS
RULE,3916749,WAIVERS
RULE,3045238,WAIVERS
RULE,4044144,WAIVERS
RULE,4608362,WAIVERS
RULE,4401805,WAIVERS
RULE,4362186,WAIVERS
RULE,4361988,WAIVERS
RULE,4382466,WAIVERS
RULE,4426475,WAIVERS
RULE,4241263,WAIVERS
RULE,4274040,WAIVERS
RULE,4689546,WAIVERS
RULE,4242512,WAIVERS
RULE,3047536,WAIVERS
RULE,4241374,WAIVERS
RULE,3929914,WAIVERS
RULE,4379401,WAIVERS
RULE,4056052,WAIVERS
RULE,4249624,WAIVERS
RULE,4036419,WAIVERS
RULE,4360174,WAIVERS
RULE,4036448,WAIVERS
RULE,4036032,WAIVERS
RULE,4259976,WAIVERS
RULE,4372071,WAIVERS
RULE,4250360,WAIVERS
RULE,4427728,WAIVERS
RULE,4567096,WAIVERS
RULE,4243003,WAIVERS
RULE,4258248,WAIVERS
RULE,3126115,WAIVERS
RULE,4432620,WAIVERS
RULE,4259592,WAIVERS
RULE,4369863,WAIVERS
RULE,4372026,WAIVERS
RULE,4257188,WAIVERS
RULE,4361426,WAIVERS
RULE,4430871,WAIVERS
RULE,4429022,WAIVERS
RULE,4429202,WAIVERS
RULE,4570561,WAIVERS
RULE,4426553,WAIVERS
RULE,4427391,WAIVERS
RULE,4243322,WAIVERS
RULE,4373632,WAIVERS
RULE,4250945,WAIVERS
RULE,4260394,WAIVERS
RULE,4362019,WAIVERS
RULE,4367178,WAIVERS
RULE,4685201,WAIVERS
RULE,4692835,WAIVERS
RULE,4360290,WAIVERS
RULE,4240858,WAIVERS
RULE,4689334,WAIVERS
RULE,4248909,WAIVERS
RULE,4243176,WAIVERS
RULE,4361778,WAIVERS
RULE,4689988,WAIVERS
RULE,4241588,WAIVERS
RULE,3149687,WAIVERS
RULE,4690070,WAIVERS
RULE,4242896,WAIVERS
RULE,3886812,WAIVERS
RULE,3929636,WAIVERS
RULE,13199,WAIVERS
RULE,12471,WAIVERS
RULE,11291,WAIVERS
RULE,15887,WAIVERS
RULE,2572861,WAIVERS
RULE,2570986,WAIVERS
RULE,3045127,WAIVERS
RULE,4212989,WAIVERS
RULE,2974317,WAIVERS
RULE,3049698,WAIVERS
RULE,3125403,WAIVERS
RULE,3122920,WAIVERS
RULE,15705,WAIVERS
RULE,2577667,WAIVERS
RULE,4212884,WAIVERS
RULE,15837,WAIVERS
RULE,3040470,WAIVERS
RULE,3124069,WAIVERS
RULE,3123986,WAIVERS
RULE,3052166,WAIVERS
RULE,2972460,WAIVERS
RULE,14402,WAIVERS
RULE,3135321,WAIVERS
RULE,3071572,WAIVERS
RULE,16318,WAIVERS
RULE,2508079,WAIVERS
RULE,3843945,WAIVERS
RULE,3915399,WAIVERS
RULE,4044452,WAIVERS
RULE,14163,WAIVERS
RULE,3115375,WAIVERS
RULE,3916925,WAIVERS
RULE,4035072,WAIVERS
RULE,3912547,WAIVERS
RULE,3919596,WAIVERS
RULE,4212909,WAIVERS
RULE,3886818,WAIVERS
RULE,3912550,WAIVERS
RULE,4361606,WAIVERS
RULE,3925347,WAIVERS
RULE,3128451,WAIVERS
RULE,3116136,WAIVERS
RULE,3128720,WAIVERS
RULE,3116721,WAIVERS
RULE,3127292,WAIVERS
RULE,3052876,WAIVERS
RULE,3119195,WAIVERS
RULE,3115364,WAIVERS
RULE,3052117,WAIVERS
RULE,3122449,WAIVERS
RULE,3060022,WAIVERS
RULE,3128721,WAIVERS
RULE,3122866,WAIVERS
RULE,3123050,WAIVERS
RULE,3123052,WAIVERS
RULE,3123969,WAIVERS
RULE,3042778,WAIVERS
RULE,3051891,WAIVERS
RULE,3043080,WAIVERS
RULE,3043234,WAIVERS
RULE,3050487,WAIVERS
RULE,3045138,WAIVERS
RULE,2979843,WAIVERS
RULE,3025433,WAIVERS
RULE,3045260,WAIVERS
RULE,3051902,WAIVERS
RULE,2578533,WAIVERS
RULE,2969962,WAIVERS
RULE,2576434,WAIVERS
RULE,2974858,WAIVERS
RULE,2972091,WAIVERS
RULE,2576491,WAIVERS
RULE,2573079,WAIVERS
RULE,16944,WAIVERS
RULE,16790,WAIVERS
RULE,17258,WAIVERS
RULE,16725,WAIVERS
RULE,17082,WAIVERS
RULE,2508176,WAIVERS
RULE,16504,WAIVERS
RULE,16913,WAIVERS
RULE,16777,WAIVERS
RULE,13295,WAIVERS
RULE,16804,WAIVERS
RULE,14877,WAIVERS
RULE,13981,WAIVERS
RULE,15349,WAIVERS
RULE,13983,WAIVERS
RULE,13994,WAIVERS
RULE,16732,WAIVERS
RULE,14924,WAIVERS
RULE,14053,WAIVERS
RULE,14054,WAIVERS
RULE,13229,WAIVERS
RULE,13232,WAIVERS
RULE,11283,WAIVERS
RULE,8664,WAIVERS
RULE,9354,WAIVERS
RULE,12731,WAIVERS
RULE,15072,WAIVERS
RULE,15091,WAIVERS
RULE,5536,WAIVERS
RULE,3116642,WAIVERS
RULE,3917960,WAIVERS
RULE,8439,WAIVERS
RULE,12537,WAIVERS
RULE,11674,WAIVERS
RULE,3127335,WAIVERS
RULE,3040035,WAIVERS
RULE,4241985,WAIVERS
RULE,4240380,WAIVERS
RULE,4046692,WAIVERS
RULE,4038994,WAIVERS
RULE,3930066,WAIVERS
RULE,15773,WAIVERS
RULE,4241941,WAIVERS
RULE,4034952,WAIVERS
RULE,4029893,WAIVERS
RULE,4052042,WAIVERS
RULE,3915165,WAIVERS
RULE,4044121,WAIVERS
RULE,3048898,WAIVERS
RULE,3040206,WAIVERS
RULE,3917067,WAIVERS
RULE,3124537,WAIVERS
RULE,4034950,WAIVERS
RULE,3921564,WAIVERS
RULE,4035019,WAIVERS
RULE,3120659,WAIVERS
RULE,4039043,WAIVERS
RULE,4373673,WAIVERS
RULE,3929118,WAIVERS
RULE,3125404,WAIVERS
RULE,3061612,WAIVERS
RULE,3915522,WAIVERS
RULE,2979590,WAIVERS
RULE,4035793,WAIVERS
RULE,14099,WAIVERS
RULE,3126002,WAIVERS
RULE,2973626,WAIVERS
RULE,17463,WAIVERS
RULE,3139456,WAIVERS
RULE,4408988,WAIVERS
RULE,14922,WAIVERS
RULE,2578369,WAIVERS
RULE,4198676,WAIVERS
RULE,3122143,WAIVERS
RULE,3127586,WAIVERS
RULE,3048897,WAIVERS
RULE,16786,WAIVERS
RULE,4054085,WAIVERS
RULE,3128774,WAIVERS
RULE,4294520,WAIVERS
RULE,13226,WAIVERS
RULE,3127211,WAIVERS
RULE,4039607,WAIVERS
RULE,3928925,WAIVERS
RULE,2310331,WAIVERS
RULE,2978308,WAIVERS
RULE,3917849,WAIVERS
RULE,3916204,WAIVERS
RULE,3119317,WAIVERS
RULE,3126246,WAIVERS
RULE,2977800,WAIVERS
RULE,11252,WAIVERS
RULE,3124092,WAIVERS
RULE,2517017,WAIVERS
RULE,12477,WAIVERS
RULE,3127306,WAIVERS
RULE,2574630,WAIVERS
RULE,4240861,WAIVERS
RULE,4036189,WAIVERS
RULE,4050373,WAIVERS
RULE,4248504,WAIVERS
RULE,2980120,WAIVERS
RULE,4040790,WAIVERS
RULE,4242540,WAIVERS
RULE,3895785,WAIVERS
RULE,4042808,WAIVERS
RULE,3914395,WAIVERS
RULE,3916209,WAIVERS
RULE,3929637,WAIVERS
RULE,4035611,WAIVERS
RULE,3916721,WAIVERS
RULE,3917166,WAIVERS
RULE,4039436,WAIVERS
RULE,15786,WAIVERS
RULE,4040732,WAIVERS
RULE,3930298,WAIVERS
RULE,4046715,WAIVERS
RULE,3917546,WAIVERS
RULE,4240689,WAIVERS
RULE,4034964,WAIVERS
RULE,4035003,WAIVERS
RULE,15921,WAIVERS
RULE,4243318,WAIVERS
RULE,4035170,WAIVERS
RULE,4043161,WAIVERS
RULE,4069806,WAIVERS
RULE,3155188,WAIVERS
RULE,3118906,WAIVERS
RULE,3122716,WAIVERS
RULE,3116172,WAIVERS
RULE,3123944,WAIVERS
RULE,3915823,WAIVERS
RULE,3933327,WAIVERS
RULE,3115928,WAIVERS
RULE,3929924,WAIVERS
RULE,4261020,WAIVERS
RULE,3917940,WAIVERS
RULE,4081127,WAIVERS
RULE,2982828,WAIVERS
RULE,3051806,WAIVERS
RULE,2983509,WAIVERS
RULE,2991662,WAIVERS
RULE,3059766,WAIVERS
RULE,3042910,WAIVERS
RULE,3050481,WAIVERS
RULE,3044720,WAIVERS
RULE,3046399,WAIVERS
RULE,3115314,WAIVERS
RULE,3115913,WAIVERS
RULE,2576980,WAIVERS
RULE,2519013,WAIVERS
RULE,2576854,WAIVERS
RULE,2511973,WAIVERS
RULE,2970262,WAIVERS
RULE,2970726,WAIVERS
RULE,2579604,WAIVERS
RULE,2587819,WAIVERS
RULE,17051,WAIVERS
RULE,2575965,WAIVERS
RULE,2971830,WAIVERS
RULE,2576399,WAIVERS
RULE,2576450,WAIVERS
RULE,2972331,WAIVERS
RULE,2576179,WAIVERS
RULE,14167,WAIVERS
RULE,15062,WAIVERS
RULE,16140,WAIVERS
RULE,14215,WAIVERS
RULE,3916129,WAIVERS
RULE,3913295,WAIVERS
RULE,3933568,WAIVERS
RULE,4039057,WAIVERS
RULE,2974503,WAIVERS
RULE,15403,WAIVERS
RULE,4040640,WAIVERS
RULE,15825,WAIVERS
RULE,15826,WAIVERS
RULE,3930900,WAIVERS
RULE,4046522,WAIVERS
RULE,15971,WAIVERS
RULE,3116188,WAIVERS
RULE,4035006,WAIVERS
RULE,16016,WAIVERS
RULE,3120980,WAIVERS
RULE,4035403,WAIVERS
RULE,3126997,WAIVERS
RULE,3699902,WAIVERS
RULE,4042112,WAIVERS
RULE,3124900,WAIVERS
RULE,4035102,WAIVERS
RULE,3791110,WAIVERS
RULE,4036149,WAIVERS
RULE,10636,WAIVERS
RULE,4055171,WAIVERS
RULE,4239083,WAIVERS
RULE,10452,WAIVERS
RULE,11237,WAIVERS
RULE,4240626,WAIVERS
RULE,3951441,WAIVERS
RULE,4241802,WAIVERS
RULE,4241940,WAIVERS
RULE,4038220,WAIVERS
RULE,4038533,WAIVERS
RULE,3915772,WAIVERS
RULE,4038818,WAIVERS
RULE,4362878,WAIVERS
RULE,3916927,WAIVERS
RULE,3122103,WAIVERS
RULE,3930097,WAIVERS
RULE,4039274,WAIVERS
RULE,3917558,WAIVERS
RULE,3917812,WAIVERS
RULE,4424106,WAIVERS
RULE,3915145,WAIVERS
RULE,3914328,WAIVERS
RULE,4217370,WAIVERS
RULE,3128439,WAIVERS
RULE,3139522,WAIVERS
RULE,3915115,WAIVERS
RULE,3921970,WAIVERS
RULE,3051308,WAIVERS
RULE,3931397,WAIVERS
RULE,3915097,WAIVERS
RULE,3915381,WAIVERS
RULE,3699935,WAIVERS
RULE,3821683,WAIVERS
RULE,3139925,ONTEAM
RULE,3121410,WAIVERS
RULE,3916564,WAIVERS
RULE,3932420,WAIVERS
RULE,3923397,WAIVERS
RULE,3936647,WAIVERS
RULE,3886377,WAIVERS
RULE,3892889,WAIVERS
RULE,3042429,WAIVERS
RULE,3042435,WAIVERS
RULE,2979477,WAIVERS
RULE,3085107,WAIVERS
RULE,2983209,WAIVERS
RULE,3040204,WAIVERS
RULE,2987440,WAIVERS
RULE,3052177,WAIVERS
RULE,3052450,WAIVERS
RULE,3052600,WAIVERS
RULE,2998120,WAIVERS
RULE,2980073,WAIVERS
RULE,3051889,WAIVERS
RULE,2980077,WAIVERS
RULE,2991767,WAIVERS
RULE,3059918,WAIVERS
RULE,2975863,WAIVERS
RULE,3068939,WAIVERS
RULE,3051381,WAIVERS
RULE,3115443,WAIVERS
RULE,2578570,WAIVERS
RULE,2565969,WAIVERS
RULE,2511109,WAIVERS
RULE,2580330,WAIVERS
RULE,16809,WAIVERS
RULE,2970090,WAIVERS
RULE,2576395,WAIVERS
RULE,2971718,WAIVERS
RULE,2574591,WAIVERS
RULE,2574918,WAIVERS
RULE,13934,WAIVERS
RULE,14012,WAIVERS
RULE,17453,WAIVERS
RULE,16486,WAIVERS
RULE,3894912,WAIVERS
RULE,4040623,WAIVERS
RULE,4374496,WAIVERS
RULE,3128444,WAIVERS
RULE,3116074,WAIVERS
RULE,4040629,WAIVERS
RULE,4036129,WAIVERS
RULE,3121378,WAIVERS
RULE,3917569,WAIVERS
RULE,4046676,WAIVERS
RULE,3700815,WAIVERS
RULE,3919510,WAIVERS
RULE,3915821,WAIVERS
RULE,4052137,WAIVERS
RULE,4038539,WAIVERS
RULE,4041703,WAIVERS
RULE,3895835,WAIVERS
RULE,4035671,WAIVERS
RULE,3040499,WAIVERS
RULE,3127313,WAIVERS
RULE,3115359,WAIVERS
RULE,4239992,WAIVERS
RULE,4036026,WAIVERS
RULE,3932144,WAIVERS
RULE,4239944,WAIVERS
RULE,4047836,WAIVERS
RULE,4259805,WAIVERS
RULE,4371986,WAIVERS
RULE,4037478,WAIVERS
RULE,4259499,WAIVERS
RULE,4240904,WAIVERS
RULE,4243830,WAIVERS
RULE,4035465,WAIVERS
RULE,4035826,WAIVERS
RULE,4240661,WAIVERS
RULE,4258190,WAIVERS
RULE,4068152,WAIVERS
RULE,4371974,WAIVERS
RULE,4589245,WAIVERS
RULE,4242231,WAIVERS
RULE,4245645,WAIVERS
RULE,4240432,WAIVERS
RULE,4037311,WAIVERS
RULE,4046678,WAIVERS
RULE,4039307,WAIVERS
RULE,4383351,WAIVERS
RULE,4036224,WAIVERS
RULE,4034946,WAIVERS
RULE,4374033,WAIVERS
RULE,4046530,WAIVERS
RULE,4360802,WAIVERS
RULE,4241205,WAIVERS
RULE,4362630,WAIVERS
RULE,4242546,WAIVERS
RULE,4035098,WAIVERS
RULE,3919602,WAIVERS
RULE,4362452,WAIVERS
RULE,4422214,WAIVERS
RULE,3916587,WAIVERS
RULE,4379504,WAIVERS
RULE,3144991,WAIVERS
RULE,3148929,WAIVERS
RULE,4820592,WAIVERS
RULE,4046532,WAIVERS
RULE,4031033,WAIVERS
RULE,4241822,WAIVERS
RULE,3895827,WAIVERS
RULE,4428963,WAIVERS
RULE,4036146,WAIVERS
RULE,2330,WAIVERS
RULE,4034779,WAIVERS
RULE,4361516,WAIVERS
RULE,4282647,WAIVERS
RULE,4057082,WAIVERS
RULE,4039358,WAIVERS
RULE,4362874,WAIVERS
RULE,4244732,WAIVERS
RULE,4567246,WAIVERS
RULE,4039034,WAIVERS
RULE,4362748,WAIVERS
RULE,4032247,WAIVERS
RULE,4427267,WAIVERS
RULE,4241983,WAIVERS
RULE,4035526,WAIVERS
RULE,4239768,WAIVERS
RULE,4911488,WAIVERS
RULE,4259169,WAIVERS
RULE,4260406,WAIVERS
RULE,4047422,WAIVERS
RULE,3115981,WAIVERS
RULE,4035776,WAIVERS
RULE,4360231,WAIVERS
RULE,4245174,WAIVERS
RULE,3919557,WAIVERS
RULE,4247812,WAIVERS
RULE,3886809,WAIVERS
RULE,3929633,WAIVERS
RULE,4248822,WAIVERS
RULE,4572786,WAIVERS
RULE,3914307,WAIVERS
RULE,4035312,WAIVERS
RULE,4242369,WAIVERS
RULE,4040627,WAIVERS
RULE,4245144,WAIVERS
RULE,4916349,WAIVERS
RULE,4428952,WAIVERS
RULE,4044111,WAIVERS
RULE,4245639,WAIVERS
RULE,4259147,WAIVERS
RULE,4259908,WAIVERS
RULE,4242504,WAIVERS
RULE,4035912,WAIVERS
RULE,3052083,WAIVERS
RULE,4062711,WAIVERS
RULE,4036211,WAIVERS
RULE,4262900,WAIVERS
RULE,4242270,WAIVERS
RULE,4038952,WAIVERS
RULE,4040714,WAIVERS
RULE,3871102,WAIVERS
RULE,3925346,WAIVERS
RULE,4367567,WAIVERS
RULE,4240577,WAIVERS
RULE,4244651,WAIVERS
RULE,4259305,WAIVERS
RULE,4374045,WAIVERS
RULE,4361050,WAIVERS
RULE,4038460,WAIVERS
RULE,4570106,WAIVERS
RULE,4046184,WAIVERS
RULE,4040728,WAIVERS
RULE,4426891,WAIVERS
RULE,4360406,WAIVERS
RULE,4259308,WAIVERS
RULE,4361435,WAIVERS
RULE,4241410,WAIVERS
RULE,4362087,WAIVERS
RULE,4570674,WAIVERS
RULE,4241273,WAIVERS
RULE,4241224,WAIVERS
RULE,4240455,WAIVERS
RULE,4390717,WAIVERS
RULE,4240603,WAIVERS
RULE,4258170,WAIVERS
RULE,3893625,WAIVERS
RULE,4033806,WAIVERS
RULE,4569390,WAIVERS
RULE,4034704,WAIVERS
RULE,4362020,WAIVERS
RULE,4069817,WAIVERS
RULE,4035554,WAIVERS
RULE,4039271,WAIVERS
RULE,4367209,WAIVERS
RULE,4039000,WAIVERS
RULE,4034944,WAIVERS
RULE,4242212,WAIVERS
RULE,4040628,WAIVERS
RULE,3930035,WAIVERS
RULE,4043158,WAIVERS
RULE,3932960,WAIVERS
RULE,4036055,WAIVERS
RULE,4046164,WAIVERS
RULE,2575891,WAIVERS
RULE,3693033,WAIVERS
RULE,3675812,WAIVERS
RULE,3045141,WAIVERS
RULE,3926936,WAIVERS
RULE,4249030,WAIVERS
RULE,4682912,WAIVERS
RULE,4035853,WAIVERS
RULE,3675550,WAIVERS
RULE,3115360,WAIVERS
RULE,3910287,WAIVERS
RULE,3040535,WAIVERS
RULE,2578718,WAIVERS
RULE,3043841,WAIVERS
RULE,2577128,WAIVERS
RULE,4429084,ONTEAM
RULE,4361665,WAIVERS
RULE,4569609,WAIVERS
RULE,4430388,WAIVERS
RULE,4428119,WAIVERS
RULE,4879650,WAIVERS
RULE,4361417,WAIVERS
RULE,4427105,WAIVERS
RULE,4360175,WAIVERS
RULE,4361418,WAIVERS
RULE,4372096,WAIVERS
RULE,4431453,WAIVERS
RULE,4685035,WAIVERS
RULE,4259553,WAIVERS
RULE,4240750,WAIVERS
RULE,4240069,WAIVERS
RULE,4367186,WAIVERS
RULE,4696736,WAIVERS
RULE,4372526,WAIVERS
RULE,4426426,WAIVERS
RULE,4363409,WAIVERS
RULE,4363551,WAIVERS
RULE,4250969,WAIVERS
RULE,4243004,WAIVERS
RULE,4242558,WAIVERS
RULE,4362162,WAIVERS
